{
  "hash": "760f261c",
  "configHash": "b7a16839",
  "lockfileHash": "320bb7cb",
  "browserHash": "603e8bcd",
  "optimized": {
    "@angular/common": {
      "src": "../../../../../../node_modules/@angular/common/fesm2022/common.mjs",
      "file": "@angular_common.js",
      "fileHash": "db874097",
      "needsInterop": false
    },
    "@angular/common/http": {
      "src": "../../../../../../node_modules/@angular/common/fesm2022/http.mjs",
      "file": "@angular_common_http.js",
      "fileHash": "1ba24dd2",
      "needsInterop": false
    },
    "@angular/core": {
      "src": "../../../../../../node_modules/@angular/core/fesm2022/core.mjs",
      "file": "@angular_core.js",
      "fileHash": "af97fd50",
      "needsInterop": false
    },
    "@angular/forms": {
      "src": "../../../../../../node_modules/@angular/forms/fesm2022/forms.mjs",
      "file": "@angular_forms.js",
      "fileHash": "20123788",
      "needsInterop": false
    },
    "@angular/platform-browser": {
      "src": "../../../../../../node_modules/@angular/platform-browser/fesm2022/platform-browser.mjs",
      "file": "@angular_platform-browser.js",
      "fileHash": "810cc23a",
      "needsInterop": false
    },
    "@angular/router": {
      "src": "../../../../../../node_modules/@angular/router/fesm2022/router.mjs",
      "file": "@angular_router.js",
      "fileHash": "83a86afc",
      "needsInterop": false
    }
  },
  "chunks": {
    "chunk-Z6SHI7YL": {
      "file": "chunk-Z6SHI7YL.js"
    },
    "chunk-RPWBSJJV": {
      "file": "chunk-RPWBSJJV.js"
    },
    "chunk-ZLWQD4XV": {
      "file": "chunk-ZLWQD4XV.js"
    },
    "chunk-PSGA3BG2": {
      "file": "chunk-PSGA3BG2.js"
    }
  }
}